{
    "name": "root",
    "gauges": {
        "KartAgent.Policy.Entropy.mean": {
            "value": 0.5554919838905334,
            "min": 0.5511664152145386,
            "max": 1.4189385175704956,
            "count": 2500
        },
        "KartAgent.Policy.Entropy.sum": {
            "value": 1091.541748046875,
            "min": 1004.6827392578125,
            "max": 3043.623046875,
            "count": 2500
        },
        "KartAgent.Step.mean": {
            "value": 4999949.0,
            "min": 1993.0,
            "max": 4999949.0,
            "count": 2500
        },
        "KartAgent.Step.sum": {
            "value": 4999949.0,
            "min": 1993.0,
            "max": 4999949.0,
            "count": 2500
        },
        "KartAgent.Policy.ExtrinsicValueEstimate.mean": {
            "value": 0.05419030785560608,
            "min": -0.538718581199646,
            "max": 0.5098633766174316,
            "count": 2500
        },
        "KartAgent.Policy.ExtrinsicValueEstimate.sum": {
            "value": 2.0050413608551025,
            "min": -17.777713775634766,
            "max": 18.864944458007812,
            "count": 2500
        },
        "KartAgent.Environment.EpisodeLength.mean": {
            "value": 195.7,
            "min": 192.2,
            "max": 832.0,
            "count": 2500
        },
        "KartAgent.Environment.EpisodeLength.sum": {
            "value": 1957.0,
            "min": 299.0,
            "max": 3458.0,
            "count": 2500
        },
        "KartAgent.Environment.CumulativeReward.mean": {
            "value": 0.6792999893426895,
            "min": -28.928331663211186,
            "max": 0.7828000016510487,
            "count": 2500
        },
        "KartAgent.Environment.CumulativeReward.sum": {
            "value": 6.792999893426895,
            "min": -129.06899273395538,
            "max": 9.361999984830618,
            "count": 2500
        },
        "KartAgent.Policy.ExtrinsicReward.mean": {
            "value": 0.6792999893426895,
            "min": -28.928331663211186,
            "max": 0.7828000016510487,
            "count": 2500
        },
        "KartAgent.Policy.ExtrinsicReward.sum": {
            "value": 6.792999893426895,
            "min": -129.06899273395538,
            "max": 9.361999984830618,
            "count": 2500
        },
        "KartAgent.IsTraining.mean": {
            "value": 1.0,
            "min": 1.0,
            "max": 1.0,
            "count": 2500
        },
        "KartAgent.IsTraining.sum": {
            "value": 1.0,
            "min": 1.0,
            "max": 1.0,
            "count": 2500
        },
        "KartAgent.Losses.PolicyLoss.mean": {
            "value": 0.06403617013711482,
            "min": 0.04774062032811344,
            "max": 0.08848247573478148,
            "count": 2404
        },
        "KartAgent.Losses.PolicyLoss.sum": {
            "value": 0.06403617013711482,
            "min": 0.04774062032811344,
            "max": 0.08848247573478148,
            "count": 2404
        },
        "KartAgent.Losses.ValueLoss.mean": {
            "value": 0.0028461533591325862,
            "min": 0.0005801953234367829,
            "max": 0.09874918735586106,
            "count": 2404
        },
        "KartAgent.Losses.ValueLoss.sum": {
            "value": 0.0028461533591325862,
            "min": 0.0005801953234367829,
            "max": 0.09874918735586106,
            "count": 2404
        },
        "KartAgent.Policy.LearningRate.mean": {
            "value": 7.839997419989424e-09,
            "min": 7.839997419989424e-09,
            "max": 0.00029987274004242005,
            "count": 2404
        },
        "KartAgent.Policy.LearningRate.sum": {
            "value": 7.839997419989424e-09,
            "min": 7.839997419989424e-09,
            "max": 0.00029987274004242005,
            "count": 2404
        },
        "KartAgent.Policy.Epsilon.mean": {
            "value": 0.10000257999999998,
            "min": 0.10000257999999998,
            "max": 0.19995758,
            "count": 2404
        },
        "KartAgent.Policy.Epsilon.sum": {
            "value": 0.10000257999999998,
            "min": 0.10000257999999998,
            "max": 0.19995758,
            "count": 2404
        },
        "KartAgent.Policy.Beta.mean": {
            "value": 0.004999999999999999,
            "min": 0.004999999999999999,
            "max": 0.005,
            "count": 2404
        },
        "KartAgent.Policy.Beta.sum": {
            "value": 0.004999999999999999,
            "min": 0.004999999999999999,
            "max": 0.005,
            "count": 2404
        }
    },
    "metadata": {
        "timer_format_version": "0.1.0",
        "start_time_seconds": "1716910170",
        "python_version": "3.9.18 (main, Sep 11 2023, 14:09:26) [MSC v.1916 64 bit (AMD64)]",
        "command_line_arguments": "C:\\Users\\benal\\anaconda3\\envs\\mlagents\\Scripts\\mlagents-learn Config/KartAgent.yaml --run-id=AIKart",
        "mlagents_version": "0.30.0",
        "mlagents_envs_version": "0.30.0",
        "communication_protocol_version": "1.5.0",
        "pytorch_version": "1.7.1+cu110",
        "numpy_version": "1.21.2",
        "end_time_seconds": "1716919704"
    },
    "total": 9533.9758082,
    "count": 1,
    "self": 0.010131099999853177,
    "children": {
        "run_training.setup": {
            "total": 0.07878149999999984,
            "count": 1,
            "self": 0.07878149999999984
        },
        "TrainerController.start_learning": {
            "total": 9533.8868956,
            "count": 1,
            "self": 13.580655799652959,
            "children": {
                "TrainerController._reset_env": {
                    "total": 48.3947657,
                    "count": 1,
                    "self": 48.3947657
                },
                "TrainerController.advance": {
                    "total": 9471.864200700347,
                    "count": 1017349,
                    "self": 11.721361900377815,
                    "children": {
                        "env_step": {
                            "total": 6304.215516699739,
                            "count": 1017349,
                            "self": 4182.292283098886,
                            "children": {
                                "SubprocessEnvManager._take_step": {
                                    "total": 2112.925614100481,
                                    "count": 1017349,
                                    "self": 48.25301330016873,
                                    "children": {
                                        "TorchPolicy.evaluate": {
                                            "total": 2064.6726008003125,
                                            "count": 1000022,
                                            "self": 2064.6726008003125
                                        }
                                    }
                                },
                                "workers": {
                                    "total": 8.997619500371712,
                                    "count": 1017349,
                                    "self": 0.0,
                                    "children": {
                                        "worker_root": {
                                            "total": 9472.053907699432,
                                            "count": 1017349,
                                            "is_parallel": true,
                                            "self": 5959.284799799314,
                                            "children": {
                                                "steps_from_proto": {
                                                    "total": 0.0015906999999941718,
                                                    "count": 1,
                                                    "is_parallel": true,